jurisdiction,official_url,notes,last_checked
Alabama,https://alex.state.al.us/browseSS.php,Alabama Learning Exchange (ALEX) – Social Studies standards landing page.,2025-10-29
Alaska,https://education.alaska.gov/standards,Alaska Standards landing page (includes Social Studies 2024).,2025-10-29
Arizona,https://www.azed.gov/standards-practices/k-12standards/standards-social-studies,Arizona K–12 Social Studies Standards.,2025-10-29
Arkansas,https://dese.ade.arkansas.gov/Offices/learning-services/curriculum-support/social-studies-standards-and-courses,Arkansas Social Studies Standards & Courses.,2025-10-29
California,https://www.cde.ca.gov/be/st/ss/documents/histsocscistnd.pdf,CA History–Social Science Content Standards (PDF).,2025-10-29
Colorado,https://www.cde.state.co.us/cosocialstudies,Colorado Academic Standards – Social Studies.,2025-10-29
Connecticut,https://portal.ct.gov/-/media/SDE/Social-Studies/ssframeworks.pdf,Connecticut Elementary and Secondary Social Studies Frameworks (PDF).,2025-10-29
Delaware,https://www.doe.k12.de.us/Page/2548,Delaware State Standards for Social Studies.,2025-10-29
District of Columbia,https://osse.dc.gov/page/social-studies-0,DC Social Studies standards page (links to 2023 adopted standards PDF).,2025-10-29
Florida,https://www.cpalms.org/Public/search/Standard,CPALMS standards portal (filter by subject: Social Studies).,2025-10-29
Georgia,https://case.georgiastandards.org/a446e74c-463e-11e7-94f5-b49cee8b2d8c/24119ac0-4640-11e7-895c-6f65eca932d0,Georgia Standards of Excellence – Social Studies (CASE portal).,2025-10-29
Hawaii,https://hawaiipublicschools.org/academics/subject-matter-standards/,Hawai‘i DOE Subject Matter Standards (HCSSS links).,2025-10-29
Idaho,https://www.sde.idaho.gov/about-us/departments/content-and-curriculum/social-studies/,Idaho Department of Education – Social Studies standards & resources.,2025-10-29
Illinois,https://www.isbe.net/Pages/Social-Science-Standards.aspx,Illinois Social Science Standards (landing page; PDFs linked).,2025-10-29
Indiana,https://www.in.gov/doe/students/indiana-academic-standards/social-studies/,Indiana Academic Standards – Social Studies.,2025-10-29
Iowa,https://educate.iowa.gov/pk-12/standards/academics/social-studies,Iowa Academic Standards – Social Studies.,2025-10-29
Kansas,https://www.ksde.org/Agency/Division-of-Learning-Services/Career-Standards-and-Assessment-Services/Content-Area-F-L/History-Government-and-Social-Studies,"Kansas History, Government, & Social Studies (HGSS) standards.",2025-10-29
Kentucky,https://education.ky.gov/curriculum/conpro/socstud/Pages/default.aspx,Kentucky Academic Standards (KAS) for Social Studies.,2025-10-29
Louisiana,https://www.louisianabelieves.com/docs/default-source/academic-curriculum/2022-k-12-louisiana-student-standards-for-social-studies.pdf,2022 Louisiana Student Standards for Social Studies (PDF).,2025-10-29
Maine,https://www.maine.gov/doe/learning/content/socialstudies/standards,Maine DOE – Social Studies Standards (by strand and grade bands).,2025-10-29
Maryland,https://marylandpublicschools.org/about/Pages/DCAA/Social-Studies/MSSS.aspx,Maryland Social Studies Standards (MSSS) landing page.,2025-10-29
Massachusetts,https://www.doe.mass.edu/frameworks/hss/2018-12.pdf,2018 MA History & Social Science Curriculum Framework (PDF).,2025-10-29
Michigan,https://www.michigan.gov/-/media/Project/Websites/mde/Academic-Standards/Social_Studies_Standards.pdf,Michigan K-12 Standards for Social Studies (PDF).,2025-10-29
Minnesota,https://education.mn.gov/mde/dse/stds/soc/,Minnesota K–12 Academic Standards in Social Studies.,2025-10-29
Mississippi,https://www.mdek12.org/sites/default/files/Offices/Secondary%20Ed/Social%20Studies/mde_ccrs_social_studies_standards_final_filing_jan_25_2023.pdf,MS College- and Career-Readiness Standards for Social Studies 2022 (final filing Jan 2023).,2025-10-29
Missouri,https://dese.mo.gov/college-career-readiness/curriculum/social-studies,Missouri Learning Standards – Social Studies (landing page; K–12 links).,2025-10-29
Montana,https://opi.mt.gov/Educators/Teaching-Learning/K-12-Content-Standards/Social-Studies-Standards,Montana Content Standards for Social Studies (adopted 2021).,2025-10-29
Nebraska,https://www.education.ne.gov/socialstudies/standards/,Nebraska Social Studies Standards (2019; revision cycle underway).,2025-10-29
Nevada,https://doe.nv.gov/offices/office-of-teaching-and-learning/social-studies,Nevada Academic Content Standards for Social Studies (NVACS).,2025-10-29
New Hampshire,https://www.education.nh.gov/sites/g/files/ehbemt326/files/inline-documents/standards-socialstudies-framework.pdf,NH K–12 Social Studies Curriculum Framework (PDF).,2025-10-29
New Jersey,https://www.nj.gov/education/standards/socst/,New Jersey Student Learning Standards – Social Studies (2020).,2025-10-29
New Mexico,https://webnew.ped.state.nm.us/wp-content/uploads/2022/02/6.29.11.pdf,New Mexico Administrative Code 6.29.11 – Social Studies Standards (PDF).,2025-10-29
New York,https://www.nysed.gov/standards-instruction/social-studies,NYS K–12 Social Studies Framework (landing page; K–8 & 9–12 PDFs).,2025-10-29
North Carolina,https://www.dpi.nc.gov/teach-nc/curriculum-instruction/standard-course-study/social-studies,NC Standard Course of Study – Social Studies.,2025-10-29
North Dakota,https://www.nd.gov/dpi/social-studies,North Dakota Social Studies Content Standards (landing page).,2025-10-29
Ohio,https://education.ohio.gov/Topics/Learning-in-Ohio/Social-Studies/Ohio-s-Learning-Standards-for-Social-Studies,Ohio’s Learning Standards for Social Studies (landing page; PDFs linked).,2025-10-29
Oklahoma,https://sde.ok.gov/oklahoma-academic-standards,Oklahoma Academic Standards landing page (navigate to Social Studies).,2025-10-29
Oregon,https://www.oregon.gov/ode/educator-resources/standards/socialsciences/pages/standards.aspx,Oregon Social Science Standards (2018 & 2024 update).,2025-10-29
Pennsylvania,https://www.education.pa.gov/Teachers%20-%20Administrators/Curriculum/SSHG/Pages/default.aspx,PA Social Studies/History/Government – standards landing (SSHG).,2025-10-29
Rhode Island,https://ride.ri.gov/instruction-assessment/social-studies,Rhode Island Social Studies Standards (2023) landing page.,2025-10-29
South Carolina,https://ed.sc.gov/instruction/standards-learning/social-studies/,South Carolina Social Studies Academic Standards.,2025-10-29
South Dakota,https://doe.sd.gov/contentstandards/socialstudies.aspx,South Dakota Content Standards – Social Studies.,2025-10-29
Tennessee,https://www.tn.gov/education/standards/social-studies.html,Tennessee Academic Standards – Social Studies.,2025-10-29
Texas,https://tea.texas.gov/academics/subject-areas/social-studies,Texas Essential Knowledge and Skills (TEKS) – Social Studies.,2025-10-29
Utah,https://www.schools.utah.gov/curr/socialstudies,Utah Social Studies Standards (USBE).,2025-10-29
Vermont,https://education.vermont.gov/student-learning/content-areas/global-citizenship,Vermont Agency of Education – Global Citizenship (social studies standards).,2025-10-29
Virginia,https://www.doe.virginia.gov/teaching-learning-assessment/k-12-standards-instruction/history-and-social-science/standards-of-learning,Virginia History & Social Science Standards of Learning (2023).,2025-10-29
Washington,https://ospi.k12.wa.us/student-success/resources-subject-area/social-studies/social-studies-learning-standards-graduation-requirements,Washington Social Studies K–12 Learning Standards (adopted 2019).,2025-10-29
West Virginia,https://wvde.us/academics/content-standards-and-objectives/middle-secondary-learning/social-studies/,West Virginia Department of Education – Social Studies.,2025-10-29
Wisconsin,https://dpi.wi.gov/social-studies/standards,Wisconsin Social Studies Standards (DPI).,2025-10-29
Wyoming,https://edu.wyoming.gov/educators/standards/social-studies/,Wyoming Content & Performance Standards – Social Studies.,2025-10-29
